original_video_id,OtherGestures,Smile,Laugh,Scowl,otherEyebrowMovement,Frown,Raise,OtherEyeMovements,Close-R,X-Open,Close-BE,gazeInterlocutor,gazeDown,gazeUp,gazeSide,openMouth,closeMouth,lipsDown,lipsUp,lipsRetracted,lipsProtruded,SideTurn,downR,sideTilt,otherHeadM,sideTurnR,sideTiltR,waggle,forwardHead,downRHead,singleHand,bothHands,otherHandM,complexHandM,sidewaysHand,downHands,upHands,target,transcription,Pronunciation_posteriori,Gender,Mood_from_mva,Count of Syllables,Count of filler and pauses,Rate of speech - syb per sec,Speaking time secs w/o pauses,Duration time secs w pauses,Ratio speaking to duration,Fundamental frequency_f0 Hz,SD Fundamental frequency_f0 Hz,Median Fundamental frequency_f0 Hz,Minimum Fundamental frequency_f0 Hz,Maximum Fundamental frequency_f0 Hz,25th Quantile Fundamental frequency_f0 Hz,75th Quantile Fundamental frequency_f0 Hz,Jitter - local,"Jitter - local, absolute",Jitter - rap,Jitter - ppq5,Jitter - ddp,target_dummy,Gender_dummy,pauses_per_minute,log_pauses_per_minute,diff_max_mix,diff_25_75
trial_lie_001.mp4,1,0,0,0,1,0,0,1,0,0,0,1,0,0,0,0,1,1,0,0,0,0,0,0,0,1,0,0,0,0,0,0,1,0,0,0,0,deceptive,No sir I did not. I absolutely did not. No sir I was not. No sir.,85.06,a female,Showing no emotion,52,9,3.0,11.6,17.0,0.7,164.97,59.18,155.0,73.0,396.0,118.0,196.0,0.06150749633491336,0.0002989213171298891,0.03261234028148638,0.031032157166876212,0.09783702084445917,1,0.0,2.55,1.2669476034873244,323.0,78.0
trial_lie_002.mp4,1,0,0,0,0,1,0,1,0,0,0,0,1,0,0,1,0,1,0,0,0,0,0,0,0,1,0,0,0,0,0,1,0,1,0,0,0,deceptive,"... and she approached me, and at that time that she had tripped over the rug and kind of bumped into me I was heading to the nursery, which is ammm ... I know you guys have all seen the layout, theres ahhh ... was a loveseat right there and a rocking chair right next to each other, and theres a little wall, and whenever she tripped over the rug she bumped into me and Grant approached her and grabbed her and kind of pulled her ... was pulling her back and just telling her to chill out, and she started fighting him, and whenever she did, that little wall right by the loveseat, she kicked it and whenever she did, they both went over the chair and landed on the floor, and I just went so ... I ran to the bedroom with Lily I didnt even stick around to see what happened, and when I got to the bedroom Little Grant was trying to come ... he was coming out of the door, and he asked me what that noise was and I told him that the chair fell and ... to come back into the bedroom, and ammm ... he asked where his daddy was and I told him he was picking up the chair.",100.0,a female,Showing no emotion,246,17,4.0,53.7,62.5,0.9,183.72,39.43,193.9,73.0,364.0,182.0,203.0,0.04696503680506068,0.00021224540480204368,0.02565948399243127,0.02304092608059496,0.0769784519772938,1,0.0,17.708333333333336,2.928969057394309,291.0,21.0
trial_lie_003.mp4,1,0,0,0,0,1,0,0,1,0,0,1,0,0,0,0,1,1,0,0,0,0,0,0,0,1,0,0,0,0,0,0,1,0,0,0,0,deceptive,"No sir I was not, not at all.",60.0,a Male,Reading,5,0,2.0,2.1,2.4,0.9,117.08,48.0,91.1,82.0,220.0,88.0,166.0,0.04920310914856114,0.0002882879137479429,0.027463128315644018,0.024931723442650527,0.08238938494693207,1,1.0,0.0,0.0,138.0,78.0
trial_lie_005.mp4,1,0,0,0,0,1,0,1,0,0,0,0,1,0,0,1,0,1,0,0,0,0,0,0,0,1,0,0,0,0,1,0,0,0,0,0,0,deceptive,"And he told me that, ammm … he was trying to figure some stuff out, and ammm … I asked him Like what? and he will … I mean I will never forget it, he was smoking a cigarette, and he was like really calm, and he looked at me and he said What would you say if I said … if I told you Laura was dead? And I was like, you know, I was like What? And … basically he told me that, ammm … the night that Laura had come over to the house, that she had died, and that whenever I left that he just panicked and freaked out, and I got … I started freaking out, and I was asking him why he didnt call the cops [stutters] … call for help like he told me he was going to, and he told me that, ammm … he got scared that he was a black man with a dead white woman and nobody was gonna believe him that it was an accident",100.0,a female,Showing no emotion,209,16,4.0,43.1,53.4,0.8,180.14,43.52,195.6,77.0,289.0,182.0,205.0,0.051145185299723166,0.0002283696560546505,0.028416397665538287,0.024742476166807286,0.08524919299661486,1,0.0,14.24,2.7239235502585,212.0,23.0
trial_lie_007.mp4,1,0,0,0,0,0,1,1,0,0,0,1,0,0,0,0,1,1,0,0,0,0,0,0,0,1,0,0,0,0,1,0,0,1,0,0,0,deceptive,"We had some drinks at the bar, maybe one ... two. Ammm … I got onto the dance floor myself as I explained, ammm … I have been a trained dancer for some time, going to be able to dance freely is like a ... release, Im very much in my own space when I do that and so I got up, and I was dancing alone on the dance floor. He came to join the dance floor, ahhh … did not join me necessarily on the dance floor initially, and he was also ... dancing, and then ammm ... there was a time where he reached out his hand and ... as … the defense has said twirled me around and ammm ... thats it.",100.0,a female,Showing no emotion,168,15,4.0,36.2,45.3,0.8,178.25,38.82,185.2,77.0,278.0,176.0,198.0,0.06840417829015179,0.00034454826924979235,0.03634812886391304,0.03684623556502701,0.10904438659173912,1,0.0,11.325,2.5116297199287536,201.0,22.0
trial_lie_008.mp4,1,0,0,0,1,0,0,1,0,0,0,1,0,0,0,1,0,1,0,0,0,0,0,0,1,0,0,0,0,0,0,0,1,0,0,0,0,deceptive,"Ahhh ... I didnt go to the dance club as a drinking activity, and nor did I know at the time that it was a dance club until we got in there.",100.0,a Male,speaking passionately,34,1,5.0,6.9,7.3,0.9,155.74,44.38,180.2,78.0,249.0,98.0,187.0,0.07794792597998547,0.0004249882161422658,0.041939281564730806,0.0426430786885048,0.1258178446941924,1,1.0,0.12166666666666666,0.11481567442858137,171.0,89.0
trial_lie_009.mp4,1,0,0,0,1,0,0,1,0,0,0,1,0,0,0,0,1,1,0,0,0,0,0,0,0,0,0,0,1,0,1,0,0,1,0,0,0,deceptive,"Ahhh ... When we got to the hotel, I remember, ammm …  sitting, er … sitting briefly on the balcony of my room, but then that was that there was no other additional time if thats what youre asking. Besides what I … just explained, no.",89.9,a female,Showing no emotion,58,5,3.0,12.9,18.4,0.7,169.94,48.84,186.8,81.0,272.0,102.0,201.0,0.07842536525032756,0.00040744483301411236,0.041280089203934,0.042941382435513466,0.12384026761180195,1,0.0,1.5333333333333332,0.9295359586241757,191.0,99.0
trial_lie_010.mp4,0,1,0,0,0,0,1,1,0,0,0,1,0,0,0,0,1,0,0,1,0,0,0,0,0,1,0,0,0,0,0,0,1,0,0,0,0,deceptive,"I have no idea. Uh, I was at work so I was presumably doing work things.  Im s-sure it was -- nope. Im sure it was work related. Theres ... it does seem coincidental but Im sure that there was something else going on that I had to call him about. I talk to him frequently about work matters. Theres ....",90.03,a female,Showing no emotion,73,7,3.0,15.3,24.8,0.6,163.42,45.26,184.5,76.0,260.0,96.0,192.0,0.07635031015940537,0.0003651725879209584,0.04200292499176583,0.04205027789850476,0.12600877497529747,1,0.0,2.8933333333333335,1.3592656887319714,184.0,96.0
trial_lie_011.mp4,0,0,0,1,0,0,1,0,0,0,1,0,1,0,0,0,1,1,0,0,0,0,0,0,0,0,1,0,0,0,0,0,1,0,0,0,0,deceptive,"Uh, I had just been on a cruise with my husband. We hadnt been on a vacation for years, alone, without the children. (pause, clears throat) I had a project I needed to complete, and Hemy insisted it had to be completed that ... day, and so the only way in which to -- and it required his input, and the only way in which to finish it was to work on it that night",80.34,a female,Reading,89,9,3.0,16.1,33.7,0.5,200.59,40.27,198.3,81.0,382.0,186.0,220.0,0.08054051396893225,0.00035381417936321903,0.04318428951620221,0.04567274022431584,0.12955286854860665,1,0.0,5.055000000000001,1.8008843770050558,301.0,34.0
trial_lie_012.mp4,1,0,0,0,1,0,0,1,0,0,0,1,0,0,0,0,1,1,0,0,0,0,0,0,0,1,0,0,0,0,0,0,1,0,0,0,0,deceptive,"I dont know, maybe ten ... nine thirty, ten, something along those lines. Might even have been slightly later.",100.0,a female,Showing no emotion,29,1,4.0,5.6,7.8,0.7,188.51,30.16,195.5,89.0,265.0,183.0,206.0,0.06520753413319384,0.00030695245712310644,0.0355359798355206,0.037150315476551767,0.1066079395065618,1,0.0,0.13,0.12221763272424911,176.0,23.0
trial_lie_013.mp4,1,0,0,0,1,0,0,0,0,1,0,1,0,0,0,0,1,1,0,0,0,0,0,0,0,0,1,0,0,0,1,0,0,0,0,0,1,deceptive,"Ah, I dont remember but evidently I, I -- I tried to call Hemy, probably to tell him that I had left the office, and that I w -- that something had happened. Which seemed -- was a very normal thing for me to have done. Was to tell my boss that I had left the office and something had happened to my husband.",100.0,a female,Showing no emotion,67,4,4.0,13.5,16.6,0.8,184.68,32.43,188.6,79.0,258.0,179.0,202.0,0.07736369709153752,0.00036334784917227886,0.04051985530463937,0.04174279449100614,0.12155956591391813,1,0.0,1.1066666666666667,0.7451069194906562,179.0,23.0
trial_lie_014.mp4,1,0,0,0,1,0,0,1,0,0,0,1,0,0,0,1,0,0,1,0,0,0,0,0,1,0,0,0,0,0,0,1,0,1,0,0,0,deceptive,"I think when he was choking me, my hands were free because he was over my torso, my arms were free, so I may have, tried to push him off, or , I didn’t want to injure him, I just wanted him to get off of me, but that was very quick and it didn’t last long.",95.02,a female,Reading,65,1,5.0,12.0,13.8,0.9,208.0,36.74,211.4,81.0,383.0,194.0,226.0,0.0688366320640817,0.00029179350791919665,0.03628504201887929,0.03797838918357632,0.10885512605663793,1,0.0,0.23,0.20701416938432612,302.0,32.0
trial_lie_015.mp4,1,0,0,0,0,0,1,0,0,1,0,1,0,0,0,0,1,0,1,0,0,0,0,0,0,0,0,0,0,1,0,1,0,1,0,0,0,deceptive,"Right after the shot occurred, um , we had fallen over in the bathroom again toward the  sink, the sink and garbage can area, kind of in the corner, and so he didnt chase me in that  moment, but thats where we struggled on the floor. And again as soon as I broke away, he  said \Fing kill you Bitch\"" I dont remember a lot after that, so whether he chased me or not, I  couldnt say""",90.07,a female,Showing no emotion,106,16,3.0,20.4,34.4,0.6,187.87,33.92,186.0,74.0,363.0,178.0,198.0,0.07199471376425629,0.00032292740571597685,0.037193118021082716,0.037345536532448785,0.11157935406324818,1,0.0,9.173333333333334,2.319769917748147,289.0,20.0
trial_lie_016.mp4,1,0,0,0,0,0,1,1,0,0,0,0,0,1,0,1,0,0,1,0,0,1,0,0,0,0,0,0,0,0,0,1,0,1,0,0,0,deceptive,"Well, what I do recall is when I filled the gas cans rather then have just a loose gas hose  somewhere I didnt have anywhere to put it, um so, I hung it up and when I  hung it up that ends the transaction, so thats probably why, I could have, you know mean, if I could of put them back in the trunk or whatever, then started the car or vise versa , um at one point, I didnt want to  ground, so I hung it up, and that ended the transaction, so that’s probably why there is more than one and maybe I was topping of the gas tank for another. ",94.99,a female,Showing no emotion,140,13,4.0,26.5,37.0,0.7,184.18,31.86,180.5,75.0,378.0,173.0,193.0,0.0706136210281567,0.00033257132478997517,0.03694845049251368,0.03730960595375698,0.11084535147754104,1,0.0,8.016666666666667,2.199074716624381,303.0,20.0
trial_lie_017.mp4,1,0,0,0,0,0,1,1,0,0,0,1,0,0,0,0,1,1,0,0,0,0,0,0,0,1,0,0,0,0,0,1,0,1,0,0,0,deceptive,"Again, it took, it took a long time, it took a long time for me to get to this point, I never  wanted to admit to this and Id written out all of my suicide letters, I sent my note, I sent them  all in an envelope to my grandmother, do not open until Nov 10th 2008, I was hoping to be  dead by then, giving myself a little time, to get my affairs in order, that date rolled by and then  more time rolled by and I was still here, so with the evolution of just time and the years that  went by, it was a gradual process, I began to feel not right about keeping it in instead.",100.0,a female,Showing no emotion,166,13,4.0,32.1,43.9,0.7,180.08,30.67,179.9,78.0,384.0,173.0,191.0,0.07385541444493449,0.00035114757779884155,0.037842240192697364,0.03889639886996511,0.11352672057809207,1,0.0,9.511666666666667,2.352485751447505,306.0,18.0
trial_lie_018.mp4,1,0,0,0,1,0,0,1,0,0,0,1,0,0,0,1,0,1,0,0,0,0,0,0,0,0,0,0,0,1,0,1,0,1,0,0,0,deceptive,"My attempt to talk to them was to present a better image of our relationship, and to downplay the negative aspects of it, like \its not really a big deal\"" \""oh, it wasn’t that bad\"" that kinda thing, like \""oh, yeah, I knew that he did that, but that wasnt a big deal\"" um, even our arguments, oh, sure it was rocky, there was turmoil, but we were friends, so my attempt was more to present a good image of Travis, and a good image of myself and that our relationship had its ups and downs, but we were still um, on good terms.""",100.0,a female,Showing no emotion,146,10,4.0,27.0,34.5,0.8,184.31,33.33,184.4,80.0,387.0,175.0,199.0,0.07021545469220072,0.0003243676964367313,0.03638032414738672,0.03658903300635704,0.10914097244216016,1,0.0,5.75,1.9095425048844386,307.0,24.0
trial_lie_019.mp4,1,0,0,0,0,0,1,1,0,0,0,1,0,0,0,1,0,0,1,0,0,0,0,0,0,0,0,0,0,1,0,1,0,1,0,0,0,deceptive,"Well, again I cant, it happened so fast I did initially think Run, so I went down the hallway and then right as I got to the hallway, with the doors being shut, it just seemed like more of an obstacle it would give him more time to catch up, to open the door this way and run around it and out, when this door was an equal distance and open. I could run that way and into it. So my thought initially was to run out this door, and then around and out, but I was doing something just to create more distance, because last time I had run that same route and I was not successful in running out of the room.",95.01,a female,Showing no emotion,148,13,4.0,27.9,36.8,0.8,181.32,33.38,178.2,72.0,385.0,171.0,192.0,0.07737481116968536,0.0003510355656169625,0.04014761184622389,0.040738563014852604,0.12044283553867165,1,0.0,7.973333333333333,2.1942572161084173,313.0,21.0
trial_lie_020.mp4,1,0,0,0,0,0,1,1,0,0,0,1,0,0,0,1,0,0,1,0,0,0,0,0,0,0,0,0,0,1,0,0,1,0,0,0,0,deceptive,"When I sort a came out of the fog, I realized \oh, crap\"" something bad had happened and I was scared to call any authority at that point.""",90.01,a female,Showing no emotion,35,4,3.0,6.7,11.2,0.6,188.98,24.86,187.9,84.0,303.0,175.0,201.0,0.07283480038693536,0.00033790247317926574,0.037606531606742544,0.03912427558696626,0.11281959482022764,1,0.0,0.7466666666666666,0.557709209664841,219.0,26.0
trial_lie_021.mp4,1,0,0,0,1,0,0,1,0,0,0,0,0,0,1,0,1,1,0,0,0,0,0,0,0,0,0,0,0,1,0,0,1,0,0,0,0,deceptive,"I do recall him screaming and yelling at me, um , so I dont know if that constitutes as talking, but he was saying words, the other things, I dont recall as far as being on all words, I dont.",70.07,a female,Showing no emotion,47,7,3.0,10.0,18.2,0.5,189.04,26.52,190.8,81.0,250.0,179.0,202.0,0.06742797612511077,0.0003298415844027325,0.03569840438268257,0.03539603700980372,0.10709521314804772,1,0.0,2.1233333333333335,1.1389008075822211,169.0,23.0
trial_lie_022.mp4,1,0,0,0,0,0,1,1,0,0,0,1,0,0,0,1,0,0,1,0,0,0,0,0,0,0,0,0,0,1,0,1,0,1,0,0,0,deceptive,"Well, I think that I have a good memory June 4th is an anomaly for me.  Its like I said yesterday, its in a class of its own. And I cant explain why, what kind of state of mind I was in, um it was, most of the day was an entire blank, and little pieces have come back, but not very many, So I cant explain that day alone but if you were, to put that day over here and over here all the other days of   memory issues that are any different from any average person.",84.97,a female,Showing no emotion,140,17,3.0,26.1,41.5,0.6,192.67,40.3,183.1,70.0,374.0,174.0,203.0,0.07564980883398012,0.0003039091324009856,0.040940259405096095,0.04134334497051519,0.12282077821528828,1,0.0,11.758333333333333,2.5461846528756378,304.0,29.0
trial_lie_023.mp4,1,0,0,0,0,0,1,1,0,0,0,1,0,0,0,1,0,0,1,0,0,0,0,0,0,0,0,0,0,1,0,1,0,1,0,0,0,deceptive,"Lying is isnt something typically I just do. Im not going to say Ive never told a lie in my life before this ... incident, but, the lies I have told in this case are can be tied directly back to either protecting Travis reputation or my involvement in his death, in any way. Because I was very ashamed of the death, and also I wanted to edify Travis in a good way, I didnt want to de- edify him or say hateful things about him, especially now that he had passed away and also I didnt want that to be construed as ... motive, for example if he was violent with me.",95.13,a female,Showing no emotion,163,17,4.0,30.6,43.3,0.7,175.72,35.97,177.4,71.0,392.0,168.0,187.0,0.08340835457623401,0.00041382972424624837,0.04200691313664893,0.04199512799149332,0.1260207394099468,1,0.0,12.26833333333333,2.585380243872432,321.0,19.0
trial_lie_024.mp4,1,0,0,0,1,0,0,1,0,0,0,1,0,0,0,1,0,0,1,0,0,0,0,0,0,0,0,0,0,1,0,1,0,1,0,0,0,deceptive,"So I was experiencing disorientation, I wasn’t thinking gosh, Travis’ just choked me out, I was ...  actually a thought just sort of wandered through my mind  Wheres Nepolian, in my head  so that was my thought and it didn’t really have any relation to the event, that was just a thought. I was kinda getting my bearings, um, so there is, it’s not completely clear, I just remember he had his hands around my neck, and he was banging my head on the carpet. I tried to push him off, and then it was, and then I blacked out. Really shortly after that.",100.0,a female,Showing no emotion,104,5,4.0,21.9,24.6,0.9,191.76,41.13,186.0,77.0,389.0,176.0,199.0,0.07650004840268029,0.00033555136313711664,0.03996171232713689,0.040161604108601034,0.11988513698141068,1,0.0,2.0500000000000003,1.1151415906193203,312.0,23.0
trial_lie_025.mp4,1,0,0,0,1,0,0,1,0,0,0,1,0,0,0,1,0,0,1,0,0,0,0,0,0,0,0,0,0,1,0,1,0,1,0,0,0,deceptive,"as far as details, every detail, I just sometimes I have a general sense of what’s going on, and sometimes I don’t but as far as the fog goes, it’s more of again, words that are being spoken, or screamed or yelled, and that what processing that sort of thing, physical things I can remember because I feel them physically, I can remember what I feel internally and emotionally as well, but it’s more the words that are being spoken and their meanings, but I do remember how I feel, if that makes sense.",94.93,a female,Showing no emotion,138,6,5.0,25.2,29.5,0.9,186.33,21.17,186.3,73.0,335.0,176.0,198.0,0.06823676670484548,0.0003054643244174503,0.03590745405779281,0.036765178051493694,0.10772236217337844,1,0.0,2.9499999999999997,1.3737155789130304,262.0,22.0
trial_lie_026.mp4,1,0,0,0,0,0,1,1,0,0,0,1,0,0,0,1,0,0,1,0,0,0,0,0,0,0,0,0,0,1,0,1,0,1,0,0,0,deceptive,"I was, I believed that it’s not okay in any circumstance to take someones life even if you are defending your own life that’s how I believed it So I never really stopped to consider how society would view it. If someone is defending themselves, I just felt like I had done something wrong and I was afraid of what the consequences would be.",90.05,a female,Showing no emotion,87,13,3.0,18.1,28.5,0.6,184.0,29.79,185.7,74.0,329.0,176.0,198.0,0.07491963241979607,0.0003569460804954297,0.03740920869992803,0.039353005334868615,0.1122276260997841,1,0.0,6.175,1.9706027616456847,255.0,22.0
trial_lie_027.mp4,1,0,0,0,0,0,1,1,0,0,0,1,0,0,0,1,0,0,1,0,0,0,0,0,0,0,0,0,1,0,0,1,0,1,0,0,0,deceptive,"The lunging and the gun going off were sort of contemporanios, I don’t remember how close they were or if it happened at exactly the same moment or one right after the other, it all happened very fast, and it all seemed to happen all at once, and I would say as far as distance, maybe as far as Mr. Babbikey (sp?) is, (court reporter?) but I couldn’t say for sure with absolute certainty.",90.25,a female,Showing no emotion,81,8,3.0,17.1,27.0,0.6,188.92,34.89,187.1,72.0,355.0,175.0,200.0,0.07199621152461587,0.000324469905609029,0.037007771238074805,0.038136085424449885,0.1110233137142244,1,0.0,3.6,1.5260563034950492,283.0,25.0
trial_lie_028.mp4,1,0,0,0,0,0,1,0,1,0,0,1,0,0,0,0,1,0,1,0,0,0,0,0,0,1,0,0,0,0,0,1,0,1,0,0,0,deceptive,"Well, it happened very fast, I didn’t have time to think everything just happened um, it seemed in a split second. So ... I really don’t ... I just didn’t have time to think to go this way or that way or to do this or that, it just happened without really thinking about the best move to make.",89.91,a female,Showing no emotion,80,10,3.0,14.8,24.3,0.6,191.12,46.25,190.3,74.0,385.0,175.0,210.0,0.07633370533826156,0.0003511360042450348,0.039250742929602185,0.04215156314809418,0.11775222878880658,1,0.0,4.050000000000001,1.6193882432872686,311.0,35.0
trial_lie_029.mp4,1,0,0,0,1,0,0,1,0,0,0,1,0,0,0,1,0,0,1,0,0,0,0,0,0,0,0,0,0,1,0,1,0,1,0,0,0,deceptive,"it goes back to the choking incident and the fact that, when his body slammed me he was standing over me again I thought he was trying to get on top of me and even when we fell, I felt he was still trying to get on top of me by grabbing at me",85.07,a female,Showing no emotion,61,6,3.0,11.6,18.0,0.6,175.14,38.62,171.8,73.0,371.0,166.0,183.0,0.0730513469172538,0.0003393835835733186,0.03843769809073437,0.03946563813093519,0.1153130942722031,1,0.0,1.7999999999999998,1.0296194171811581,298.0,17.0
trial_lie_030.mp4,1,0,0,0,0,0,1,1,0,0,0,1,0,0,0,1,0,0,1,0,0,0,0,0,0,0,0,0,0,1,0,1,0,1,0,0,0,deceptive,"In a sense that is correct, I remember that. Dropping the knife, screaming and that  memory came much later,   Um, but it goes blank after that. I dont remember putting the gun in the car, I dont  remember putting the rope in the car, but I have, not crystal clear, but pretty, pretty solid  memories of disposing of those. So they did go in the car obviously, but I don’t remember  placing them in the car.  ",84.97,a female,Showing no emotion,109,10,3.0,19.6,32.1,0.6,184.47,40.85,188.9,71.0,379.0,173.0,207.0,0.07534398521205828,0.00034863384193406364,0.038325559639498886,0.0396483257007469,0.11497667891849668,1,0.0,5.3500000000000005,1.8484548129046003,308.0,34.0
trial_lie_031.mp4,1,0,0,0,0,0,1,1,0,0,0,1,0,0,0,0,1,0,1,0,0,0,0,1,0,0,0,0,0,0,0,0,1,0,0,0,0,deceptive," Well ... I do know that we struggled that day, and based on logic it would have  because of how we fought . I dont know how things ended up, where they ended up. I just ",60.27,a female,Showing no emotion,55,8,2.0,9.4,25.9,0.4,187.58,36.17,186.2,79.0,396.0,180.0,197.0,0.06551179815997478,0.0002785354191010239,0.03466821373190812,0.033889475388950714,0.10400464119572432,1,0.0,3.453333333333333,1.4936528794403898,317.0,17.0
trial_lie_032.mp4,0,0,0,1,0,1,0,0,1,0,0,0,0,0,1,1,0,1,0,0,0,0,0,0,0,0,0,0,0,1,0,0,1,0,0,0,0,deceptive,"He said he was hungry, get something. I- there was a pizza receipt siting there. I called and ordered. When the pizza man came, it was right after Tim had been over. And when Tim was over, the guy had just stopped me. He was standing being that partially opened door Tim talked about, with a gun.",80.17,a female,Reading,76,14,3.0,16.0,28.0,0.6,208.47,40.34,201.0,111.0,311.0,175.0,238.0,0.07647325292527273,0.000320121841980308,0.04077452682009693,0.04254788540409748,0.1223235804602908,1,0.0,6.533333333333333,2.0193376176101303,200.0,63.0
trial_lie_033.mp4,0,0,0,1,0,1,0,0,0,1,0,1,0,0,0,1,0,0,0,0,1,0,0,0,0,0,0,0,0,1,0,1,0,1,0,0,0,deceptive,"I knew it. Get them kids back there, don’t wanna look at you. I got a gun up here. Get them kids back there. They’ll flail a little bit but get them back there. Where the police, come in and shot the boy where they were gone say they were? … Well I could’ve, look at all those rounds I had. If I wanted to kill someone, I could have. I weren’t trying to kill nobody. They wasn’t no hostages, young folk scared. You see the man, he made them testify. Them folk going to jail don’t come here and say nothing on me. Oh I ain’t just mad at them because I can understand you. They scared. And it shouldn’t have to be like that. But people like that make them like that. You see he make [?] he [?]. You gone make me testify. Made him do it.",100.0,a female,Showing no emotion,181,13,4.0,34.1,45.0,0.8,176.95,53.63,168.3,75.0,365.0,132.0,218.0,0.09942652578891144,0.0005510177508220302,0.04915213041448629,0.05246407301628486,0.14745639124345886,1,0.0,9.75,2.3749057545736716,290.0,86.0
trial_lie_034.mp4,1,0,0,0,0,1,0,1,0,0,0,1,0,0,0,1,0,0,0,1,0,0,0,0,0,0,1,0,0,0,0,1,0,1,0,0,0,deceptive,"He pushed me and I was up in his face. Definitely in his face. Pushed me, I dont know if he did it on purpose but he scratched my neck. And then he scratched my neck. I had a err...a rag t-shirt on anyway because Id been taking care of my house. And he tore my shirt.",100.0,a Male,speaking passionately,93,10,3.0,17.7,26.9,0.7,142.87,32.32,144.5,77.0,251.0,118.0,161.0,0.10210798171384572,0.0006570822531205615,0.05018857084926506,0.05389959391212234,0.1505657125477952,1,1.0,4.483333333333333,1.7017131885432712,174.0,43.0
trial_lie_035.mp4,0,0,0,1,0,1,0,0,1,0,0,1,0,0,0,1,0,0,0,0,1,0,0,0,0,0,1,0,0,0,0,1,0,1,0,0,0,deceptive,"I want to say, the prosecutor, I cant see her face but I wish I could. You disgust me. The Dorsey family disgusts me. Because how dare you say that happened to my son. You werent there. Yall was never there. You were the absentee people ... always. So the Dorsey family, down to the mother, the father, to everybody- I hope yall live your lives well but Imma saying to my child, Gabrielle Blair, you lived well but Imma saying to em throughout their whole life. So live well now. You got not nothing else to say to me for I did for my child. Period.",95.01,a female,Showing no emotion,123,11,4.0,24.8,35.0,0.7,195.65,39.27,195.2,81.0,382.0,170.0,218.0,0.06977567293507045,0.0003047159792941782,0.036761356833404736,0.0381571259974174,0.11028407050021424,1,0.0,6.416666666666667,2.0037297199441397,301.0,48.0
trial_lie_037.mp4,1,0,0,0,1,0,0,0,1,0,0,0,0,0,1,0,1,1,0,0,0,0,0,0,0,0,0,0,1,0,0,0,1,0,0,0,0,deceptive,"He straddled me and he hit me and then he started choking me. I couldnt breath my umm airway was cut off, I couldnt breath. Umm my head was hurting really bad. and it it felt like my head was gonna explode",90.05,a female,Showing no emotion,67,6,3.0,14.3,22.4,0.6,183.07,32.49,179.9,75.0,367.0,173.0,195.0,0.07319622165938472,0.00033895892334181033,0.0409424950411902,0.04300369953201519,0.1228274851235706,1,0.0,2.2399999999999998,1.175573329804238,292.0,22.0
trial_lie_038.mp4,1,0,0,0,1,0,0,0,1,0,0,0,0,1,0,0,1,1,0,0,0,0,0,0,0,0,0,0,1,0,0,0,1,0,0,0,0,deceptive,"I was trying to say something but I couldnt talk. I tried to push him off me but he was too strong. Um all I could think about was my kids telling me \Mom, you dont go, dont go.""",100.0,a female,Showing no emotion,54,2,4.0,10.2,14.2,0.7,186.02,35.48,179.6,74.0,375.0,171.0,193.0,0.07449222513155415,0.00034702635325495123,0.041618406976759004,0.04465409883338516,0.12485522093027697,1,0.0,0.47333333333333333,0.3875274074214971,301.0,22.0
trial_lie_039.mp4,1,0,0,0,0,0,1,0,1,0,0,0,0,0,1,1,0,0,0,0,1,0,0,0,0,1,0,0,0,0,0,0,1,0,0,0,0,deceptive,"I didnt really know her too well, I only saw her a couple of times. Not really no, I wasnt placing her face with her address. No, I didnt talk to anybody, I just lived, I would go to school and come home.  Uh, no.",90.2,a female,Showing no emotion,60,5,3.0,13.0,19.2,0.7,191.7,48.43,182.2,73.0,358.0,168.0,210.0,0.06936060667183694,0.0003141050614587577,0.037639126244642634,0.04129271806963601,0.1129173787339279,1,0.0,1.6,0.9555114450274363,285.0,42.0
trial_lie_040.mp4,1,0,0,0,0,1,0,0,0,0,1,0,0,0,1,1,0,1,0,0,0,0,0,0,0,0,0,0,1,0,0,0,1,0,0,0,0,deceptive,"Yes, he said he did. And he told me to take care of my wounds as necessary. No he said there was several wounds. Um he advised me to take Tylenol when I get the gel and um asked him for something to put on, put on my face.",94.99,a female,Showing no emotion,71,5,4.0,13.4,17.4,0.8,177.05,38.49,173.6,73.0,391.0,168.0,188.0,0.06702038698778934,0.00032930156346806534,0.037349844557986116,0.039801942051739314,0.11204953367395837,1,0.0,1.45,0.8960880245566357,318.0,20.0
trial_lie_041.mp4,1,0,0,0,0,1,0,0,1,0,0,1,0,0,0,1,0,1,0,0,0,0,0,0,0,1,0,0,0,0,0,0,1,0,0,0,0,deceptive,"Remember, we withheld the evidence in this very important case that we want to try to get to the truth and to the bottom of. Well who says it not a criminal investigation, its an investigation that is undetermined at this time. And uh were just not prepared to make any assertions as to uh what the outcome is going to be until its a full and thorough investigation.",94.95,a Male,Reading,83,4,4.0,18.8,20.1,0.9,121.99,24.33,117.0,82.0,380.0,107.0,132.0,0.04959290228670065,0.0003512728365516973,0.023864535053558043,0.025011451483563558,0.07159360516067413,1,1.0,1.34,0.85015092936961,298.0,25.0
trial_lie_042.mp4,1,0,0,0,0,1,0,0,1,0,0,0,1,0,0,1,0,1,0,0,0,0,0,0,0,0,1,0,0,0,0,0,1,0,0,0,0,deceptive,"They found the man uh in the secure area with his luggage cart and chairs set around him. Uh they tried to do the same thing, communicate with him. Chairs went flying, he grabbed a computer off a desk and threw that. Um they just werent getting through to this guy and the violence, again, escalating.",100.0,a Male,Reading,76,6,4.0,17.5,20.9,0.8,117.09,17.53,115.7,81.0,358.0,110.0,122.0,0.058778138813782736,0.00038714891787649326,0.02947828991165315,0.031801177356058065,0.08843486973495945,1,1.0,2.09,1.128171090909654,277.0,12.0
trial_lie_044.mp4,1,0,0,0,0,0,1,1,0,0,0,1,0,0,0,1,0,0,1,0,0,0,0,0,0,0,0,0,0,1,1,0,0,0,0,0,1,deceptive,"None of us. Were out there, looking for three people that were just involved in a uh shooting of another three individuals out on a street corner.",95.03,a Male,Showing no emotion,34,3,4.0,7.1,8.1,0.9,98.18,12.77,94.8,78.0,153.0,90.0,103.0,0.048811599778560914,0.0004478110731099325,0.021350350718796048,0.024055602442182186,0.06405105215638815,1,1.0,0.4049999999999999,0.34003730278570893,75.0,13.0
trial_lie_045.mp4,1,0,0,0,1,0,0,1,0,0,0,0,1,0,0,1,0,0,1,0,0,0,0,0,0,0,0,0,0,1,1,0,0,0,1,0,0,deceptive,"We do not know about, how quote, responsible CHRs share holders are because that dataset is not available and is completely locked down. Any statements about responsible and quote law-abiding CHR are is completely anecdotal and therefore conjecture. ",100.0,a female,Reading,79,3,4.0,15.7,19.1,0.8,226.0,39.5,222.2,82.0,394.0,203.0,242.0,0.07310135689350236,0.0002815676907290832,0.03871506133722464,0.0423352512405613,0.11614518401167392,1,0.0,0.9550000000000001,0.6703901934373291,312.0,39.0
trial_lie_046.mp4,1,0,0,0,0,0,1,1,0,0,0,0,0,0,1,1,0,1,0,0,0,0,0,0,0,0,0,0,0,1,0,1,0,1,0,0,0,deceptive,"The first time I remember Mr. Miller he was...having kinda like an argument with the officers as we were moving the people out of the area toward the street, so that they could uh block the uh sidewalk. And uh, he was being very aggressive with the officers, we didnt understand why. We just needed everybody to follow orders, we just wanted everybodys safety. I mean we just have to give the orders to step down to the street.",100.0,a female,Showing no emotion,114,9,3.0,24.9,33.0,0.8,191.66,33.64,190.6,78.0,390.0,175.0,206.0,0.0868948676746327,0.00043214168160706775,0.045422701572800185,0.05004659554660645,0.13626810471840056,1,0.0,4.95,1.7833912195575383,312.0,31.0
trial_lie_047.mp4,0,1,0,0,0,0,1,0,0,1,0,1,0,0,0,1,0,0,1,0,0,0,0,0,0,0,0,0,1,0,0,0,1,0,0,0,0,deceptive,"No, not at any time. He called me some names, but that wasnt really a conversation.  It wasnt a two part conversation. ",80.08,a female,Showing no emotion,28,1,3.0,6.4,10.6,0.6,169.32,44.03,163.2,84.0,371.0,152.0,177.0,0.08050411376189442,0.00041101640895162993,0.040897189608646814,0.04663321359875496,0.12269156882594046,1,0.0,0.17666666666666667,0.16268558227709579,287.0,25.0
trial_lie_048.mp4,0,1,0,0,1,0,0,1,0,0,0,0,0,0,1,0,1,0,0,1,0,0,0,0,0,0,0,1,0,0,0,1,0,1,0,0,0,deceptive,"He used the f word several times. Okay, Im sorry. Let me rephrase that. He made mentioned of the f word towards me several times.  ",89.96,a Male,speaking passionately,37,3,3.0,8.8,11.5,0.8,153.82,50.94,144.0,86.0,382.0,123.0,158.0,0.09424009091443616,0.0004936756945317077,0.05050151767498897,0.054899766039722686,0.1515045530249669,1,1.0,0.5750000000000001,0.4542552722775965,296.0,35.0
trial_lie_049.mp4,0,0,0,1,0,1,0,0,1,0,0,1,0,0,0,1,0,1,0,0,0,0,0,1,0,0,0,0,0,0,0,1,0,1,0,0,0,deceptive,"With the word you in front of it. So I would assume that you would be... If I said you, you would say- you would assume its you.",100.0,a Male,speaking passionately,46,2,4.0,10.5,11.6,0.9,147.23,42.9,139.3,87.0,389.0,123.0,154.0,0.09178794319769172,0.000527129162575316,0.04776306113766765,0.05396911001088765,0.14328918341300295,1,1.0,0.38666666666666666,0.32690278560506225,302.0,31.0
trial_lie_050.mp4,0,0,1,0,0,0,1,0,0,0,1,1,0,0,0,1,0,0,1,0,0,0,0,0,0,0,0,0,0,1,1,0,0,0,0,0,1,deceptive,"With a fist. On my temple. And he kept hitting the same spot. I guess my heads not as strong Id like to believe it is. No, I went to the doctor and ... It was four days after. He finally went back to work. ",100.0,a female,Showing no emotion,52,6,4.0,9.4,12.3,0.8,193.83,67.73,184.6,78.0,368.0,175.0,214.0,0.07417214113901244,0.0003285592014146039,0.038207255840879736,0.038418455788550535,0.11462176752263922,1,0.0,1.23,0.8020015854720274,290.0,39.0
trial_lie_051.mp4,0,0,0,1,0,1,0,0,1,0,0,1,0,0,0,1,0,1,0,0,0,0,1,0,0,0,0,0,0,0,1,0,0,0,0,1,0,deceptive,Why would she take a hammer and hit him...,100.0,a female,Reading,25,2,4.0,4.7,5.9,0.8,205.56,83.94,191.7,81.0,356.0,128.0,294.0,0.0938168226347326,0.0003211656087112007,0.04735373277048418,0.053021565416825185,0.14206119831145253,1,0.0,0.19666666666666668,0.1795399138320779,275.0,166.0
trial_lie_052.mp4,0,1,0,0,0,0,1,0,1,0,0,0,1,0,0,1,0,0,1,0,0,0,0,0,0,0,0,0,0,1,0,0,1,0,0,0,0,deceptive,"No, no. I did not and I had absolutely nothing to do with her disappearance. And Im glad that she did. I did. I did. Um and then when Laci disappeared, um, I called her immediately. It wasnt immediately, it was a couple of days after Lacis disappearance that I telephoned her  and told her the truth. That I was married, that Lacis disappearance she didnt know about it at that point.  ",89.89,a Male,Reading,95,10,3.0,20.5,28.4,0.7,117.93,20.74,111.4,82.0,219.0,104.0,125.0,0.09630673367692903,0.0007217920333299642,0.047857633306055726,0.055147644201821285,0.14357289991816718,1,1.0,4.733333333333333,1.7462970951512977,137.0,21.0
trial_lie_053.mp4,0,0,0,1,0,1,0,1,0,0,0,1,0,0,0,1,0,1,0,0,0,0,0,0,0,0,0,0,0,1,0,1,0,0,1,0,0,deceptive,"Either a barrel or a stick but certain, they are like, they are going to kill you. Im at lost at justifing what I did in a second valley other than saying that I thought that they were shooting back. ",100.0,a Male,Showing no emotion,76,4,4.0,16.5,18.6,0.9,110.97,29.35,102.4,81.0,294.0,94.0,114.0,0.08637531452111953,0.0006565010487424866,0.045721918719094506,0.04958975934369394,0.13716575615728352,1,1.0,1.24,0.8064758658669485,213.0,20.0
trial_lie_054.mp4,0,0,0,1,0,1,0,1,0,0,0,1,0,0,0,1,0,1,0,0,0,0,0,0,0,1,0,0,0,0,0,0,1,0,0,0,0,deceptive,"... Do I believe the evidence that supports domestic violence? Yes. I I think  bias is an incorrect word, Mr. Martinez. I dont believe Im biased.",94.93,a female,Showing no emotion,26,0,4.0,5.4,5.9,0.9,175.83,23.8,176.8,80.0,280.0,170.0,187.0,0.07141146801017366,0.00025194540553989973,0.03927513045849838,0.042505733730364134,0.11782539137549515,1,0.0,0.0,0.0,200.0,17.0
trial_lie_055.mp4,0,0,0,1,0,1,0,1,0,0,0,0,0,0,1,1,0,1,0,0,0,0,0,0,0,1,0,0,0,0,0,1,0,0,1,0,0,deceptive,"There was a lot of talk about me being, you know, seduced by Jodi. And frankly, Jodi is not that seductive as a person. Shes pretty straightforward, uhm, and what Jodi did was terrible. But Jodi isnt terrible. And I think the media... You had Nancy Grace, you had Jane Velez Mitchell, and you had Dr. Drew, who is very insidious because he sounds sane.",89.9,a female,Showing no emotion,101,11,3.0,25.4,31.3,0.8,172.2,28.84,170.0,80.0,372.0,154.0,186.0,0.04464231115822584,0.00022443520317297618,0.021661545677223847,0.022353084800857254,0.06498463703167154,1,0.0,5.738333333333334,1.9078126144246246,292.0,32.0
trial_lie_056.mp4,1,0,0,0,0,0,1,0,0,1,0,1,0,0,0,0,1,1,0,0,0,0,0,0,0,0,0,0,0,1,1,0,0,1,0,0,0,deceptive,"yes, I believe she was in an, er,  abusive relationship. Yes, I do. Um, certainly putting down friends and family. Um, there is some destruction of property but it seems minimal at this point. Um, a change in the victims personality... ",89.78,a female,Showing no emotion,62,7,3.0,12.5,18.4,0.7,185.29,22.65,182.9,80.0,254.0,171.0,197.0,0.056196793168578535,0.00026776753532329456,0.028940829781151613,0.030910529813525982,0.08682248934345484,1,0.0,2.1466666666666665,1.1463436914892995,174.0,26.0
trial_lie_057.mp4,0,0,0,1,0,0,1,0,0,1,0,1,0,0,0,1,0,1,0,0,0,0,0,0,0,0,0,0,0,1,0,1,0,1,0,0,0,deceptive,"That word has a definition and you are not using it. You are not using the definition that I apply in this ... in this continuum. So if you want me to talk about what stalking means, I will talk about it.",100.0,a female,Showing no emotion,73,1,5.0,14.8,15.2,1.0,185.3,26.41,187.0,85.0,283.0,178.0,197.0,0.06471738160565174,0.0003078849090065677,0.034118037702232894,0.036250223156007566,0.10235411310669867,1,0.0,0.2533333333333333,0.2258066687336935,198.0,19.0
trial_lie_058.mp4,1,0,0,0,1,0,0,1,0,0,0,1,0,0,0,0,1,1,0,0,0,0,0,0,0,1,0,0,0,0,0,0,1,0,0,0,0,deceptive,100 percent. Absolutely. 100 percent. 100 percent. Totally false. Do I have remorse? Absolutely. ,84.83,a Male,speaking passionately,32,4,3.0,6.1,9.5,0.6,162.59,107.13,103.5,82.0,402.0,97.0,256.0,0.059778115638182784,0.00035242303244209684,0.030886422705962136,0.034256722844064856,0.0926592681178864,1,1.0,0.6333333333333333,0.4906229164484712,320.0,159.0
trial_lie_059.mp4,0,1,0,0,0,0,1,1,0,0,0,1,0,0,0,1,0,0,1,0,0,0,0,0,0,0,0,0,0,1,1,0,0,1,0,0,0,deceptive,"...um person in the congregation was involved in activities like that. The elders would sit down with the individual and try to determine whats going on. The objective is as Jesus said, \if you have a hundred sheep, and ones lost, leave the ninety-nine and go find the one\"". So the objective is to help that individual. Whether its to er, er, worshiping er, someone or anything like that or celebrate Christmas or fornication or whatever it happens to be. The elder would mate with the individual based on persons um attitude at that time will have direct relevance to what they do. """,100.0,a Male,speaking passionately,145,14,4.0,31.3,40.0,0.8,142.65,24.49,135.1,81.0,364.0,129.0,151.0,0.06779701168099579,0.00042794059153939486,0.035054252478180385,0.03628147806943408,0.10516275743454118,1,1.0,9.333333333333332,2.3353749158170363,283.0,22.0
trial_lie_060.mp4,0,0,0,1,0,1,0,1,0,0,0,1,0,0,0,1,0,1,0,0,0,0,0,0,0,0,0,0,0,1,1,0,0,0,0,1,0,deceptive,"My statement is this: Ive never been alone with Candace Conte. I never molested Candace Conte. What do you mean think? I just told you. Never. Ive never ... Okay, get this right. Ive never been alone with Candace Conte, ever. Never have I been alone with Candace Conte. ",95.13,a Male,speaking passionately,75,7,4.0,15.3,20.2,0.8,156.53,71.91,131.7,79.0,413.0,114.0,163.0,0.0703799958518649,0.00028673374038450377,0.036400085991561984,0.040707507350246336,0.10920025797468594,1,1.0,2.3566666666666665,1.210948418062361,334.0,49.0
trial_lie_061.mp4,0,1,0,0,1,0,0,1,0,0,0,0,1,0,0,1,0,1,0,0,0,0,0,0,0,0,0,0,0,1,0,1,0,1,0,0,0,deceptive,"Not at all. Oh, thats her word agains mine isnt. Who do you think? You heard her? Since then you become the biggest (inaudible) in all of this? Well, I would like to think so, but thats not for me to juge, isnt. I mean thats between him and his God. Is it not?  ",100.0,a Male,speaking passionately,59,6,4.0,11.5,16.6,0.7,137.51,32.81,127.9,75.0,376.0,115.0,156.0,0.07334240639329638,0.0004626084537465287,0.03633630931198498,0.038810748110158735,0.10900892793595496,1,1.0,1.6600000000000001,0.9783261227936078,301.0,41.0
trial_truth_001.mp4,1,0,0,0,0,0,1,1,0,0,0,1,0,0,0,1,0,0,1,0,0,0,0,0,0,0,0,0,1,0,0,0,1,0,0,0,0,truthful,"Reforming the criminal justice system matters to me because for the law to have legitimacy and the people to respect they law, they need to believe that the law treats everyone um ... equally um ... and fairly. ",94.96,a female,Showing no emotion,57,4,4.0,12.1,13.7,0.9,188.13,38.17,181.7,73.0,361.0,163.0,210.0,0.05200195253210512,0.0002362164414897973,0.025880554529431728,0.02531343235221362,0.07764166358829519,0,0.0,0.9133333333333333,0.6488469216633653,288.0,47.0
trial_truth_002.mp4,0,0,0,1,0,0,1,1,0,0,0,1,0,0,0,1,0,1,0,0,0,1,0,0,0,0,0,0,0,0,0,0,1,0,0,0,0,truthful,"All of us, who have represented people for years in the system get letters from prisioners um ... and their families. You know, this person is improperly convicted, you need to do something about it. But, its no one elses job to do it, other than  the inocence project ....  and they do it, they do itelse marvelously. ",100.0,a female,Showing no emotion,71,9,4.0,15.6,19.8,0.8,180.89,22.72,182.2,73.0,239.0,171.0,194.0,0.04388051630622415,0.00021107211445561298,0.02260499876508504,0.022684663376886027,0.06781499629525511,0,0.0,2.97,1.3787660946990992,166.0,23.0
trial_truth_003.mp4,1,0,0,0,0,0,1,0,0,0,1,0,0,1,0,0,1,1,0,0,0,1,0,0,0,0,0,0,0,0,1,0,0,0,0,0,1,truthful,"But yes, I was there. Yep, I stayed. Uh ... Yep, prob -- yes, yes.",6.92,a female,Showing no emotion,15,3,2.0,3.8,7.0,0.5,168.62,51.5,192.5,88.0,254.0,104.0,206.0,0.09002555303880548,0.0004341213099483629,0.04830028596859513,0.05019593429099116,0.1449008579057854,0,0.0,0.35,0.30010459245033816,166.0,102.0
trial_truth_004.mp4,1,0,0,0,0,0,1,1,0,0,0,1,0,0,0,0,1,1,0,0,0,0,0,0,0,1,0,0,0,0,0,1,0,1,0,0,0,truthful,"I do. I was, uh... in the office, and I got a call ... uh, maybe ... close to nine o clock, I dont remember, somewhere between eight and nine, from Rusty. He said, uh ... someone was just on the side of the house, and he was sort of not completely coherent, and said ... someone was, like, sleeping on the side of the house, and he called the police, and he was... oh and then he had to go really quickly to talk to the police, and then he ended up calling me back, and told me the whole story of what had happened, which was that, um... he had put Ian in the car as he does every day around that time, and Ians car seat is on the right passenger side in the back, and as he walked around he smelled gas, um... as he walked -- cause he sort of exits the garage a little bit to get to his side of the car, he smelled gas, and, uh... our gas meter and pipe is on the side of the left side of the house if youre looking at the front. So he walked over to that spot, its near our air conditioners,  and he said that there was a man lying face-down on the ground.",90.05,a female,Showing no emotion,256,20,3.0,55.9,78.0,0.7,173.56,42.97,188.4,80.0,266.0,178.0,200.0,0.07893620116119694,0.0003704290659411732,0.04246847073242907,0.04238563225390344,0.1274054121972872,0,0.0,18.708333333333336,2.9810415581439873,186.0,22.0
trial_truth_005.mp4,0,0,0,1,0,0,1,0,0,1,0,1,0,0,0,1,0,1,0,0,0,0,0,0,0,0,0,0,0,1,0,1,0,1,0,0,0,truthful,"No, when Rusty backed up out of the garage ... So Rusty had a communication with him, but -- now I know why -- but Hemy never responded, because if he had spoken, Im sure Rusty would have recognized who he was. So he stayed silent the entire time. And Rusty panicked. He got into the car, backed out of the driveway, and once he was at the end of the driveway picking up the phone to dial 911, Hemy ran across the lawn, over to a place that only someone who had been stalking my house for months would have known existed.",100.0,a female,Reading,135,10,4.0,26.3,34.8,0.8,199.55,42.58,202.3,76.0,332.0,185.0,223.0,0.07936210368985809,0.000342252415450912,0.042449284058175774,0.044611039053255516,0.12734785217452732,0,0.0,5.8,1.916922612182061,256.0,38.0
trial_truth_006.mp4,0,0,0,1,0,0,1,1,0,0,0,1,0,0,0,0,1,1,0,0,0,0,0,1,0,0,0,0,0,0,0,0,1,0,0,0,0,truthful,"They really didnt tell me anything. They said there had been an accident. They said there had been an accident -- that Ian was fine, but there had been an accident. They didnt really tell me. And then I screamed into the phone asking what was going on, and I ... They just said you need to come here, so I dropped the phone and ran out of my office.",80.06,a female,Showing no emotion,66,8,3.0,13.1,22.9,0.6,177.56,40.67,186.3,78.0,282.0,175.0,197.0,0.07732128126470532,0.0003794129624996293,0.04330564667159514,0.04405021852164655,0.1299169400147854,0,0.0,3.0533333333333332,1.399539587869911,204.0,22.0
trial_truth_007.mp4,1,0,0,0,0,0,1,0,0,1,0,1,0,0,0,1,0,1,0,0,0,0,0,0,0,0,0,0,0,1,1,0,0,0,1,0,0,truthful,"I have no idea. A police officer I presume. Youd have to ask my mother or my brother. Nope. They said they didnt know where he was being taken. Yep. Went to the house, I was in a fairly catatonic state, my dad and my brother started making phone calls to all the local hospitals, and they eventually got a hold of... I dont know, whatever the hospital is, Atlanta Medical Center. And they wouldnt tell my dad anything but that he was being taken there. So we got in the car, and we left. Thats correct. Yes, he was and I had, I -- that was instructed that that was the best idea was to keep him at the day care. The, uh ... Donna. The woman that runs the day care. Yep. Thats the safest place ... uh for him to be.",89.83,a female,Showing no emotion,209,23,3.0,39.0,60.7,0.6,182.4,35.92,186.6,72.0,294.0,176.0,200.0,0.07972456116721363,0.00038810984863015967,0.041655194020271874,0.04274661431957827,0.12496558206081562,0,0.0,18.708333333333336,2.9810415581439873,222.0,24.0
trial_truth_008.mp4,1,0,0,0,0,0,1,0,1,0,0,1,0,0,0,1,0,1,0,0,0,0,0,0,0,1,0,0,0,0,0,1,0,0,1,0,0,truthful,"She was fine, laughing about simple little things I never once felt like there was anything wrong about the day, I felt like socially, the first time I saw her in a crowd, I thought she was much more comfortable one-on-one, that was the first time I noticed she was a little awkward in social areas and it didnt seem like she talked very much to other people, people would talk about that, it just wasnt the Jodi I knew cause one on one she was very talkative and insightful, very different",100.0,a Male,Reading,163,12,4.0,34.2,40.3,0.9,117.72,26.02,110.2,80.0,364.0,102.0,124.0,0.08131860082842808,0.0005919494113760653,0.04310867112411158,0.049018710294143064,0.12932601337233476,0,1.0,8.059999999999999,2.203869120054888,284.0,22.0
trial_truth_009.mp4,0,1,0,0,1,0,0,1,0,0,0,1,0,0,0,1,0,0,1,0,0,0,0,0,0,1,0,0,0,0,0,1,0,1,0,0,0,truthful,"I mean, it pops right upon the screen if you got you gmail open. and so somebody says, you know, hi, pops right up and, you can reply and you can also carry on the conversation while you are doing other things. But I mean it’s kind of like a text message back and forth that’s immediate you both responding right away. And sometimes you are even responding the things that 2 or 3 questions away, you know.",100.0,a Male,Showing no emotion,106,3,5.0,21.2,22.6,0.9,108.79,17.25,103.7,76.0,285.0,99.0,114.0,0.08633327913433275,0.0006755249794039807,0.04563574314798278,0.05097295338404755,0.13690722944394834,0,1.0,1.1300000000000001,0.7561219797213337,209.0,15.0
trial_truth_010.mp4,1,0,0,0,0,0,1,0,1,0,0,0,1,0,0,1,0,0,1,0,0,0,0,0,0,1,0,0,0,0,1,0,0,0,0,0,1,truthful,"yeah. I, maybe three months in the business, I was struggling, not doing so well. I was even thinking about quitting. And then at some point Alexander was flown into town as a guest speaker for solid city market. And I attended that training and I was inspired by him. It kind of changed my business around. And that was the only encounter with him personally. And so I just, I kept going and did much better after that.",95.0,a Male,Showing no emotion,133,11,4.0,30.3,37.0,0.8,110.2,17.34,106.8,76.0,293.0,100.0,116.0,0.07826652527362184,0.0006094259905252057,0.0404762244688438,0.04501542331159414,0.1214286734065314,0,1.0,6.783333333333333,2.0519846954467966,217.0,16.0
trial_truth_011.mp4,0,1,0,0,0,0,1,0,1,0,0,0,1,0,0,1,0,1,0,0,0,0,0,0,0,1,0,0,0,0,1,0,0,0,0,0,1,truthful,"We talked about the same kind of books we liked to read, I mean, Atlas Shrugged, Thinking Girl Rich, How to Win Friends and Influence People, we had a lot of the same interests, she was a great conversationalist on the phone, we just had a lot in common, when I first met her, shes a business woman at a national convention, an entrepreneur, so I thought that was an attractive traits, all those things, it sounded like somebody I wanted to get to know",100.0,a Male,Showing no emotion,152,5,5.0,30.4,33.4,0.9,109.73,20.32,105.0,78.0,338.0,99.0,113.0,0.08357813304635292,0.0006666740467085468,0.04443394989707344,0.05006937352121058,0.1333018496912203,0,1.0,2.783333333333333,1.3306054552593019,260.0,14.0
trial_truth_012.mp4,1,0,0,0,0,0,1,0,1,0,0,0,1,0,0,1,0,1,0,0,0,0,0,0,0,0,0,0,0,1,0,1,0,1,0,0,0,truthful,"I don’t think too often, cause usually we just call each other. We would be texting. If we are both by a computer when you are on gmail, you can kind of see your contacts and who’s actually online. And I think at one point, she wrote ‘hi this is the text’, and I was online and I responded back to him that we started kind of just talking that way ",100.0,a Male,Showing no emotion,99,6,4.0,18.0,22.2,0.8,111.65,29.61,106.6,80.0,295.0,99.0,113.0,0.08248262544002788,0.0005795891241678115,0.04322638631851703,0.049376902563502884,0.1296791589555511,0,1.0,2.2199999999999998,1.169381359556317,215.0,14.0
trial_truth_013.mp4,0,1,0,0,0,0,1,1,0,0,0,1,0,0,0,1,0,1,0,0,0,0,0,0,0,1,0,0,0,0,0,0,1,0,0,0,0,truthful,I was under the assumption that it’s long time ago. I didn’t know if it was six months ago or two years ago. I really didn’t know. And yeah I didn’t try to pry too much in that relationship. But I felt like it was ... just ... yeah I didn’t know how long it was.,90.06,a Male,Reading,59,5,3.0,13.6,17.9,0.8,114.08,35.21,103.9,80.0,292.0,96.0,120.0,0.08976678777489489,0.0006388559843572133,0.048134919431855716,0.054578260934247,0.14440475829556718,0,1.0,1.4916666666666665,0.9129518306086403,212.0,24.0
trial_truth_014.mp4,1,0,0,0,1,0,0,0,1,0,0,0,0,0,1,1,0,1,0,0,0,0,0,0,0,0,0,0,0,1,1,0,0,0,0,0,1,truthful,from conversations ... from what Jodi telling me that he had talked to other girls even when they were supposed to be together. That might be what I mean.,90.0,a Male,Showing no emotion,43,2,3.0,9.4,12.7,0.7,111.86,28.66,105.1,81.0,265.0,99.0,114.0,0.08315176063942828,0.0005126064401671106,0.04340279976008056,0.051699490211054334,0.1302083992802417,0,1.0,0.4233333333333333,0.3530015385724235,184.0,15.0
trial_truth_015.mp4,0,1,0,0,0,0,1,0,1,0,0,1,0,0,0,1,0,1,0,0,0,0,0,0,0,1,0,0,0,0,1,0,0,0,0,0,1,truthful,"just talked to everybody, you know, you know he was flirtatious, I mean he, ah, you know, um, I dont know ... I don’t know who told me that. I don’t know enough about it. I just knew he was a flirt and that ... You know, he was ...  I remember Clancy telling me, you know, at times, you know, he was just him. You know, he would just flirt with everybody, just goofing around. Nobody really took it seriously.",100.0,a Male,Reading,117,10,4.0,24.9,33.0,0.8,120.49,25.6,116.5,78.0,375.0,109.0,126.0,0.08007939467688648,0.0005297113167157591,0.04204884329974253,0.04609141678227579,0.1261465298992276,0,1.0,5.5,1.8718021769015913,297.0,17.0
trial_truth_016.mp4,0,0,0,1,0,1,0,1,0,0,0,1,0,0,0,1,0,1,0,0,0,0,0,0,0,1,0,0,0,0,1,0,0,0,0,0,1,truthful,Three friends of the deceased who were standing right next to him testified and said ... this is not the guy who shot our best friend. ,100.0,a female,Reading,28,2,4.0,5.9,7.5,0.8,197.81,53.56,193.6,87.0,318.0,156.0,243.0,0.06987697106773033,0.00030786575574664934,0.03526188647169827,0.03754749615324945,0.1057856594150948,0,0.0,0.25,0.22314355131420976,231.0,87.0
trial_truth_017.mp4,0,0,0,1,0,1,0,1,0,0,0,1,0,0,0,1,0,1,0,0,0,1,0,0,0,0,0,0,0,0,1,0,0,0,0,1,0,truthful,And I am gonna go forward with this ... because I know I had nothing to do with this crime.,80.03,a Male,speaking passionately,13,1,3.0,2.6,4.5,0.6,145.07,23.38,142.1,90.0,212.0,131.0,160.0,0.06463537962412774,0.0003880413473699068,0.033010572436791306,0.0347660557184766,0.09903171731037393,0,1.0,0.075,0.07232066157962608,122.0,29.0
trial_truth_018.mp4,1,0,0,0,1,0,0,0,1,0,0,1,0,0,0,1,0,1,0,0,0,0,0,1,0,0,0,0,0,0,0,0,1,0,0,0,0,truthful,"So I answered the questions as much as I could. What I knew, but I knew nothing about those murder and rape.",60.0,a Male,Showing no emotion,16,2,2.0,4.5,7.0,0.6,112.61,16.58,109.5,85.0,199.0,104.0,116.0,0.0781764637040344,0.0005851685802353388,0.040957758943241385,0.04063464191434221,0.12287327682972413,0,1.0,0.23333333333333334,0.2097205309820691,114.0,12.0
trial_truth_019.mp4,1,0,0,0,1,0,0,0,1,0,0,1,0,0,0,1,0,1,0,0,0,0,0,0,0,0,0,0,0,1,0,0,1,0,0,0,0,truthful,"Served twelve years in the Texas prison on a life sentence before I was ammm ... exonerated through DNA evidence and through the real perpetrators, the real murderers confession. ",90.04,a Male,Showing no emotion,37,5,3.0,8.2,12.7,0.6,100.73,8.65,99.0,80.0,150.0,95.0,104.0,0.07367265055528192,0.0006441286142888838,0.0384331736229117,0.0402992549351528,0.1152995208687351,0,1.0,1.0583333333333331,0.7218965938459311,70.0,9.0
trial_truth_020.mp4,1,0,0,0,0,0,1,0,0,1,0,0,1,0,0,1,0,1,0,0,0,0,0,0,0,0,0,0,0,1,0,0,1,0,0,0,0,truthful,"Ahhh ... a lot of people dont value the freedom until its gone and then when you get it back, its like you value it a lot more.",85.05,a Male,Showing no emotion,20,1,3.0,5.6,6.0,0.9,100.31,8.72,97.9,81.0,144.0,94.0,105.0,0.04825161256092962,0.000407569838151228,0.02404095894693405,0.023618370502692818,0.07212287684080215,0,1.0,0.1,0.09531017980432493,63.0,11.0
trial_truth_021.mp4,0,0,0,1,0,1,0,1,0,0,0,1,0,0,0,1,0,1,0,0,0,1,0,0,0,0,0,0,0,0,0,0,1,0,0,0,0,truthful,"To me its, its, its,its hard to ... swallow because I know I hadnt done anything, and I wasnt a sexual predator. ",6.95,a Male,Reading,24,6,2.0,6.1,10.9,0.6,118.31,46.1,106.8,79.0,357.0,98.0,120.0,0.06287950487258047,0.0002640713001362508,0.03169259917964234,0.034912857059469116,0.09507779753892699,0,1.0,1.09,0.7371640659767196,278.0,22.0
trial_truth_022.mp4,1,0,0,0,0,0,1,0,1,0,0,0,0,0,1,1,0,1,0,0,0,0,0,0,0,0,0,0,0,1,0,0,1,0,0,0,0,truthful,"My name is Marvin L. Anderson um ... and  I was born in Genova, Virginia. Um ... In 1982 I went to trial and was convicted for two counts of rape, sodomy, robery and abduction. Um ... I was sentenced to this total sentence of two hundred and ten years. I spent 15 years in prision and five years on parole before I was exonerated in two thousand. ",90.17,a Male,Showing no emotion,83,9,3.0,20.8,28.5,0.7,106.51,55.59,88.3,74.0,395.0,84.0,99.0,0.053878185044447316,0.0005505401497058047,0.025885682362698528,0.02803147894652084,0.07765704708809558,0,1.0,4.2749999999999995,1.6629786793621302,321.0,15.0
trial_truth_023.mp4,1,0,0,0,1,0,0,0,1,0,0,1,0,0,0,1,0,1,0,0,0,0,0,0,1,0,0,0,0,0,0,0,1,0,0,0,0,truthful,"I was convicted the following year and sentenced to forty years in prision. This last year July six, I was exonarated after serving twently two years by DNA evidence with the help of the innocence project, who was able to locate evidence in my case, have it  tested, and the test prove that I hadnt committed the crime. ",100.0,a Male,speaking passionately,85,6,4.0,19.2,22.6,0.9,161.82,18.88,162.3,97.0,227.0,150.0,173.0,0.04880199048351457,0.0002636398589199049,0.023566190655597483,0.023765435535148996,0.07069857196679245,0,1.0,2.2600000000000002,1.1817271953786164,130.0,23.0
trial_truth_026.mp4,0,0,0,1,0,0,1,0,1,0,0,1,0,0,0,1,0,0,0,0,1,0,0,1,0,0,0,0,0,0,0,1,0,0,0,0,1,truthful,"Why didnt I understand my rights? Well, Im not a coward. Do you get what Im saying? All I know is this: My son is eight years old right now. Hes going to forget a lot about me. Okay? When hell look back at all this media cover from this bottle feeders I dont want him to see that I stood here like a coward. I did what I did, and I did what I did for my baby, period. Hes going to see me standing up taking my responsability. I will happily do life in prison for my child, thats period. So, I dont understand whats... what, what other paper work is that to do...",79.98,a Male,speaking passionately,178,24,3.0,44.0,64.1,0.7,162.57,26.73,161.3,80.0,362.0,152.0,172.0,0.09858957701085166,0.0007668548293774078,0.04843564266412848,0.05618492883885408,0.14530692799238545,0,1.0,18.708333333333336,2.9810415581439873,282.0,20.0
trial_truth_027.mp4,0,1,0,0,0,0,1,1,0,0,0,0,0,0,1,1,0,1,0,0,0,0,0,0,0,0,0,0,1,0,1,0,0,0,0,0,1,truthful,"It was wonderful. I, I mean, I came from Ukraine. I always dreamed of a family like the Belcanies when I was first adopted. My mom was just wonderful. It was exactly what I dreamed of. Just perfect. I took ballet. I went to school. I had a wonderful family. It was perfect.",90.02,a female,Showing no emotion,83,6,3.0,19.5,24.2,0.8,174.13,43.2,185.0,75.0,352.0,175.0,194.0,0.04588015949391095,0.0002175284572650376,0.022947682184339152,0.02196969868234304,0.06884304655301746,0,0.0,2.42,1.2296405510745139,277.0,19.0
trial_truth_028.mp4,1,0,0,0,0,0,1,1,0,0,0,1,0,0,0,1,0,1,0,0,0,0,0,0,0,0,0,0,0,1,0,0,1,0,0,0,0,truthful,"I ... It was while back but I believe, I did. I ask hm ... I asked about the battery, it will take time for battery to charge, You wont be able to use it out of the box. So, by that time thats when I asked she would like one that is corded.",90.01,a Male,Reading,55,6,3.0,11.1,18.0,0.6,115.3,51.09,103.1,82.0,398.0,97.0,111.0,0.08153336441323039,0.0005445633608661256,0.04354393888434858,0.05255062091781311,0.13063181665304574,0,1.0,1.7999999999999998,1.0296194171811581,316.0,14.0
trial_truth_029.mp4,1,0,0,0,0,0,1,0,1,0,0,1,0,0,0,1,0,1,0,0,0,0,0,0,0,0,0,0,0,1,0,1,0,1,0,0,0,truthful,Yes I was in my kitchen getting ready. The light was on. I heard a little bloop bloop to the back um garbage can and then turned. And somebody was ringing the doorbell with blood dripping down of their head and screaming theyd been shot.,100.0,a female,Showing no emotion,65,4,4.0,13.3,16.3,0.8,167.68,27.96,174.5,71.0,261.0,165.0,182.0,0.0791316325348054,0.0004020522311930353,0.04260783616103768,0.042489279844703805,0.12782350848311302,0,0.0,1.0866666666666667,0.7355678964438975,190.0,17.0
trial_truth_030.mp4,1,0,0,0,0,0,1,1,0,0,0,1,0,0,0,1,0,1,0,0,0,0,0,0,0,0,0,0,1,0,0,1,0,1,0,0,0,truthful,"I started the investigation similarly to how I start all my, um, investigations as I, I have a, uh, whats called a primary briefing, where all of my assisting, uh, detectives and, uh, criminalistics detectives, the scientific portion of the investigation, as well as, um, members of the command staff once everyones present and all the representatives there are from OMI, the district attorneys office. Uh, we get everybody together. Um, in this particular instance there was so many of us, uh, we did it inside the garage of, uh, Alexander Fixtons house. He was not present for any of the briefings but, he allowed us to use his, uh, garage. And uh, thats what started off the investigation, is I was, um, briefed up on some officers that were there on scene just so I could get a lay of the land, figure out kind of, uh, you know, a summary of what happened.",90.0,a Male,Showing no emotion,173,13,3.0,47.1,54.6,0.9,99.87,17.03,95.6,80.0,237.0,91.0,105.0,0.10267348894991624,0.000662561027532125,0.05373571981338921,0.059824287642879274,0.16120715944016764,0,1.0,11.83,2.551786178627545,157.0,14.0
trial_truth_031.mp4,1,0,0,0,0,1,0,0,1,0,0,1,0,0,0,1,0,1,0,0,0,0,0,0,0,0,0,0,0,1,0,1,0,0,0,0,1,truthful,"...and there we saw there was a-a man on the ground and they (inaudible) bleeding from the back of his head, and by that time I was trying to call 9-1-1,and they were(sigh)transferring me or something. I was like, “Don’t transfer me!  Don’t transfer me!”  and yes I did.",100.0,a female,Showing no emotion,66,2,4.0,14.5,16.3,0.9,166.61,34.47,172.8,75.0,270.0,163.0,182.0,0.07906717617692828,0.00042557813695538857,0.04124827535361837,0.041021196434526966,0.12374482606085513,0,0.0,0.5433333333333333,0.43394457943003306,195.0,19.0
trial_truth_032.mp4,1,0,0,0,1,0,0,0,1,0,0,1,0,0,0,1,0,1,0,0,0,0,0,0,0,0,0,0,0,1,0,0,1,0,0,0,0,truthful,"And she told me she was, as well. I did when I finally it was, it was still dark so I finally shown my flashlight at her. Um, cause she had mentioned that shed been shot in the head and I could tell that her hair was soaked in blood. Um, at least one other officer, ah, arrived with me on Butterfly Creek. And then ah, once we figured out that the actual incident happened on Bernardino the rest of the officers, ah, went to that residence.",100.0,a Male,Showing no emotion,96,3,4.0,26.0,27.1,1.0,101.25,27.36,95.0,79.0,397.0,91.0,102.0,0.09265990478873448,0.0008142602752752017,0.048867253692045975,0.05131742565923959,0.14660176107613793,0,1.0,1.3550000000000002,0.8565407274683813,318.0,11.0
trial_truth_033.mp4,1,0,0,0,0,1,0,0,1,0,0,1,0,0,0,1,0,1,0,0,0,0,1,0,0,0,0,0,0,0,0,0,1,0,0,0,0,truthful,There was two black males standing at the door in what looked like just tee shirts and basketball shorts.  Yes. They pull out two pistols in my brothers face and told us to get back in the house and get the fuck on the ground.,100.0,a Male,speaking passionately,53,1,4.0,12.1,12.5,1.0,158.08,42.53,167.0,80.0,400.0,153.0,176.0,0.08257405967779476,0.00047268294858679807,0.041393167725165214,0.041780574098451366,0.1241795031754956,0,1.0,0.20833333333333334,0.18924199963852834,320.0,23.0
trial_truth_034.mp4,1,0,0,0,0,0,1,0,0,1,0,1,0,0,0,1,0,1,0,0,0,0,0,0,0,1,0,0,0,0,0,0,1,0,0,0,0,truthful,"We proceeded to step back into the living room in front of the fireplace while William was sitting in the love seat. And he was still sitting there in shock and so they to repeatedly tell him to get down on the ground. And so now all three of us are face down on the wood floor and they just tell us “don’t look, don’t look” And then they started rummaging through the house to find stuff. They just asked- they asked who else was in the house and we didn’t say anything. We said “no one”",90.01,a Male,speaking passionately,91,1,3.0,30.2,31.0,1.0,154.87,32.09,165.2,72.0,392.0,146.0,172.0,0.1033859459917871,0.0006154420605338952,0.053057661589796586,0.055997927642425324,0.1591729847693898,0,1.0,0.5166666666666667,0.41651494429474933,320.0,26.0
trial_truth_037.mp4,0,0,0,1,1,0,0,0,1,0,0,0,1,0,0,0,1,1,0,0,0,0,0,1,0,0,0,0,0,0,0,1,0,1,0,0,0,truthful,"Were several investigators on the scene, and... um once we were there executing the warrant, the search warrant we took um ... rooms in the house and I actually took um, the room to the right as you walk into, walk out of the living room which was um, Jonathans room. ",94.91,a Male,speaking passionately,67,4,3.0,15.3,19.2,0.8,155.37,26.28,152.5,75.0,307.0,145.0,160.0,0.05109556930182329,0.0002858103919560903,0.02625444111229651,0.025524921930909147,0.07876332333688953,0,1.0,1.28,0.8241754429663495,232.0,15.0
trial_truth_038.mp4,1,0,0,0,1,0,0,0,1,0,0,1,0,0,0,1,0,1,0,0,0,0,0,0,0,1,0,0,0,0,0,0,1,0,0,0,0,truthful,"Next thing I remember is, uh, both of them coming into the house, um, pulling the guns out of their waistband, and telling all of us to get on Effing floor. Uh, Just two:  Nolan and ",80.1,a Male,Showing no emotion,41,3,3.0,10.8,14.8,0.7,109.07,41.35,101.0,82.0,396.0,96.0,108.0,0.056994039315482074,0.0004863252501206958,0.032220876971294804,0.030529255168988988,0.0966626309138844,0,1.0,0.74,0.5538851132264376,314.0,12.0
trial_truth_040.mp4,0,0,0,1,0,1,0,1,0,0,0,0,1,0,0,0,1,1,0,0,0,0,0,1,0,0,0,0,0,0,0,0,1,0,0,0,0,truthful,"Um...well I remember I heard a shot after that. Um...and I remember getting under the vehicle...and...I fell on the ground. And um thats when SPO Jerry Johnson, I heard him come up.",50.06,a female,Showing no emotion,49,7,2.0,7.8,27.5,0.3,170.7,68.97,133.1,70.0,390.0,117.0,248.0,0.08829042619508959,0.00042709227293341633,0.048340913726866656,0.053882480925406685,0.14502274118059996,0,0.0,3.208333333333333,1.4370666864933137,320.0,131.0
trial_truth_041.mp4,1,0,0,0,0,0,1,0,1,0,0,0,1,0,0,1,0,1,0,0,0,0,0,0,0,0,0,0,0,1,0,0,1,0,0,0,0,truthful,"Um, I put on my soft body armor and put on, um, in the Repeat Offender Project we had hard body armor, uh, for, which was good for rifle rounds. So, it was augmented body armor. So I put that on. Um, I changed my glasses when I noticed the time of day. So, I changed the glasses from, um, my sunglasses to, uh, clear lenses, to have eye protection. Uh, got my department rifle, insured that I had my department rifle and my taser shotgun, and, um, made sure my body armor had the recording devices on it.",100.0,a Male,Showing no emotion,130,9,4.0,26.9,33.2,0.8,110.65,27.83,103.9,73.0,240.0,97.0,113.0,0.08094073940181093,0.0005912959894240436,0.04243009124839954,0.045040612998741895,0.12729027374519866,0,1.0,4.98,1.7884205679625405,167.0,16.0
trial_truth_042.mp4,1,0,0,0,1,0,0,0,1,0,0,0,1,0,0,1,0,1,0,0,0,0,0,0,0,1,0,0,0,0,0,1,0,0,0,0,1,truthful,"As, from what my recollection, is I saw him pull out the two knives and then they go back. Im, Im going down. And all I can see is basically from my vantage point is his feet is just turning into what appears to be possibly to the to the east. I at that point I just looking at his feet so Im assuming he was turning and went down to the ground.",90.09,a Male,Showing no emotion,80,10,3.0,17.0,24.7,0.7,107.39,38.68,97.9,72.0,393.0,90.0,106.0,0.08703861813238592,0.0006448783562825672,0.04472777544757208,0.048658504032768966,0.13418332634271626,0,1.0,4.116666666666667,1.6325031853650966,321.0,16.0
trial_truth_044.mp4,1,0,0,0,0,0,1,0,1,0,0,0,0,0,1,1,0,0,1,0,0,1,0,0,0,0,0,0,0,0,1,0,0,0,0,0,1,truthful,"Um, I remember they were going in and out of the basements. I remember when the like, young ladies um fell down in the kitchen because she was so intoxicated she couldn’t walk. Um, me and my staff, one of my staff members actually made a comment about that. Um, and that’s all the only other time I remember seeing them. ",80.05,a Male,Reading,49,4,3.0,15.4,19.6,0.8,133.64,24.9,129.7,97.0,387.0,120.0,140.0,0.08724054561438789,0.0005769915682260512,0.046075226753715504,0.04888752267482446,0.1382256802611465,0,1.0,1.3066666666666669,0.8358034809614685,290.0,20.0
trial_truth_045.mp4,1,0,0,0,1,0,0,0,1,0,0,0,0,1,0,1,0,1,0,0,0,0,0,0,0,0,0,0,0,1,0,0,1,0,0,0,0,truthful,"Um, my daughter and ah, Nicole have been friends for a long time. Ah, pretty much cause they were both lifers for the class of 2005. And um, I had actually taught Nicole sophomore English. And Nicole and Megan had been in the band together for, I think, from like 7th to 10th grade. And um, no excuse me, basketball from 7th to 10th. And then in the band together from 4th through 12th.",100.0,a female,Showing no emotion,115,9,3.0,28.0,33.0,0.8,173.76,31.0,171.4,80.0,389.0,159.0,185.0,0.076051195192521,0.0003812077040438893,0.03910878680754088,0.04086084364200849,0.11732636042262262,0,0.0,4.95,1.7833912195575383,309.0,26.0
trial_truth_046.mp4,0,0,0,1,0,0,1,0,1,0,0,0,0,0,1,0,1,1,0,0,0,0,0,0,0,1,0,0,0,0,0,1,0,1,0,0,0,truthful,"They were...they were at the taller (?) table there,in the walk way. Um,we were staring all over the place,looking around,taking pictures. Inside,outside,capture as much as possible and they, uh, they kind of stopped me, uh, and started talking to me, and uh, um, the two girls and the two guys that had been drinking were trying to uh,to say something to me. None of it made sense, um they were telling me how they were amazed with how many pictures that were taken,and stuff but uh, most of what they said was not really understandable. ",79.79,a Male,Reading,90,10,2.0,28.8,37.0,0.8,118.1,21.96,113.9,80.0,397.0,107.0,123.0,0.07533680070161729,0.0005553539563480262,0.03900205209739645,0.04285883617483376,0.11700615629218936,0,1.0,6.166666666666667,1.9694406464655074,317.0,16.0
trial_truth_048.mp4,1,0,0,0,0,0,1,0,0,1,0,1,0,0,0,0,1,1,0,0,0,1,0,0,0,0,0,0,0,0,0,1,0,0,0,0,1,truthful,"Um, tanbark, I started to notice some debris on the road way. I noticed some uhhh... tire marks.  Wasnt exactly exactly sure what it was. Some debris.  ahhh I started following it down and noticed some damaged to the roadway ahh then when I looked up I saw a white car i was up against the tree",89.9,a Male,Showing no emotion,64,9,3.0,15.0,21.0,0.7,105.19,8.24,105.0,80.0,152.0,100.0,109.0,0.08601441189742402,0.0006717828188797725,0.045203175061349264,0.05083189495787447,0.1356095251840478,0,1.0,3.15,1.423108334242607,72.0,9.0
trial_truth_049.mp4,1,0,0,0,0,0,1,0,1,0,0,1,0,0,0,0,1,1,0,0,0,0,0,0,0,0,0,0,0,1,0,0,1,0,0,0,0,truthful,"A. She felt very safe there. B. Angela, the great aunt felt very committed to her well being, um and C. She needs stability permanency and safety in order to be able to heal and recover and it was clear just in the time that Gabby had spent at Angelas that she was receiving that at her aunt and her uncle. ",90.15,a Male,Reading,86,9,3.0,20.3,27.5,0.7,114.76,35.85,106.2,80.0,399.0,101.0,115.0,0.08667714793248486,0.00046169191975662267,0.04407590768337305,0.047309011821421484,0.13222772305011915,0,1.0,4.125,1.634130525024472,319.0,14.0
trial_truth_050.mp4,1,0,0,0,0,0,1,0,1,0,0,0,0,0,1,1,0,1,0,0,0,0,0,0,0,0,0,0,1,0,0,0,1,0,0,0,0,truthful,"At that time on December nineteenth we were also looking for some missing items. Uh, such as, uh, badge and a gun. And we, uh, we started driving up and down, you know, and through new castle. Um, we went on foot a couple times. Um, through New Castle Road and through Stadium Drive to look for, like, a badge or gun or any other evidence.",84.91,a Male,Showing no emotion,78,6,3.0,17.9,23.0,0.8,99.97,17.36,97.0,75.0,193.0,90.0,103.0,0.08286812697758572,0.0006894065980635951,0.04467336979421576,0.04977755532814822,0.13402010938264727,0,1.0,2.3000000000000003,1.1939224684724346,118.0,13.0
trial_truth_051.mp4,0,1,0,0,1,0,0,0,1,0,0,0,0,0,1,1,0,1,0,0,0,0,0,0,0,0,1,0,0,0,1,0,0,0,0,1,0,truthful,Woke up to a lot of pain and lot of pressure and sound of somebody moaning. And quickly realized it was Bo. And then I just shut my eyes and laid there. And that was I dont even think a decision that I consciously made. And I waited until he was done. And...he got up and he literally picked up a blanket and threw it on me.,94.89,a female,Showing no emotion,114,7,4.0,24.0,29.0,0.8,179.88,68.21,207.0,78.0,374.0,108.0,228.0,0.06568552173279672,0.0003534186559181601,0.03046474080858478,0.02718979670185341,0.09139422242575436,0,0.0,3.3833333333333333,1.4778094699556639,296.0,120.0
trial_truth_052.mp4,1,0,0,0,0,0,1,0,1,0,0,1,0,0,0,1,0,1,0,0,0,0,0,0,0,0,0,0,0,1,1,0,0,1,0,0,0,truthful,"Five of the items had ... were first taken through the serology process, because they needed to determine what type of DNA is present. The reason being is if sperm cells are identified, we have to take them through a process where we then... we call it a differential separation where we are trying to separate the sperm cells from all of the epithelial cells. ",100.0,a female,Reading,114,5,4.0,26.8,29.0,0.9,220.27,45.43,211.4,76.0,399.0,195.0,239.0,0.05842569511581242,0.000250460855447659,0.030428739376720595,0.03036951302506768,0.09128621813016176,0,0.0,2.4166666666666665,1.2286654169163074,323.0,44.0
trial_truth_053.mp4,0,1,0,0,1,0,0,0,1,0,0,0,0,1,0,1,0,0,1,0,0,0,0,0,0,0,0,0,1,0,1,0,0,0,0,0,1,truthful,"They were good um he treated me with respect he loved me um he would like I have degenerative disc disease in my neck so he would bring a pillow in the bathroom and put it behind my head so that my neck wouldnt hurt. Um... he um... he would always ask me how I was doing you know always want to talk to me he always called me \baby\"" and said he loved me. He used to tell me he loved me all the time.""",85.06,a female,Showing no emotion,101,7,3.0,20.1,30.0,0.7,189.15,41.84,179.3,77.0,401.0,172.0,200.0,0.055462051733219435,0.00024697078103023186,0.030845816556237294,0.03283346698982406,0.09253744966871187,0,0.0,3.5,1.5040773967762742,324.0,28.0
trial_truth_054.mp4,1,0,0,0,1,0,0,0,1,0,0,0,1,0,0,0,1,1,0,0,0,0,0,0,0,0,1,0,0,0,0,0,1,0,0,0,0,truthful,"Psychologists once explained to me that society had this need to umm persecute people. They get some sort of gratification from it, so there might be something going on there. Umm beside that I, I dont really -- its so convoluted that we could talk for hours on that. But umm it just is what it is.",90.05,a female,Showing no emotion,81,10,3.0,15.0,24.0,0.6,188.33,51.79,200.4,76.0,356.0,185.0,210.0,0.09328158458547174,0.00044890156982670945,0.04856356864282408,0.05077422571070277,0.14569070592847225,0,0.0,4.0,1.6094379124341003,280.0,25.0
trial_truth_055.mp4,0,1,0,0,1,0,0,0,1,0,0,0,1,0,0,1,0,1,0,0,0,0,0,1,0,0,0,0,0,0,0,0,1,0,0,0,0,truthful,"Nothing that is what you typically see in a case like this, such as um a childhood where there was drugs, alcoholism, molestation, things like that. None of those things occurred in my family. Um, so, I dont know, I guess that we would sort of joke that my mom didnt beat me hard enough. So I dont really have a mitigation.",90.07,a female,Showing no emotion,89,8,3.0,18.4,28.8,0.6,181.19,55.03,199.5,73.0,369.0,109.0,211.0,0.08533446516686934,0.00040065112676547206,0.04437556859496211,0.046835518507224866,0.13312670578488633,0,0.0,3.8400000000000003,1.5769147207285403,296.0,102.0
trial_truth_056.mp4,1,0,0,0,1,0,0,1,0,0,0,0,1,0,0,1,0,1,0,0,0,0,1,0,0,0,0,0,0,0,1,0,0,0,0,0,1,truthful,"Mmm initially ... Ive never been on Twitter, I dont even know what it looks like. I just have heard about it through other people, reading about it in magazines ... Um... In 2009 somebody started a false Twitter account in my name and began tweeting, pretending they were me. So, I had that shut down. Um and then it ... it just became sort of ... an idea that I thought of in February and we decided to go for it.",90.09,a female,Showing no emotion,111,15,3.0,20.9,34.0,0.6,173.04,57.98,195.4,80.0,400.0,104.0,211.0,0.08074062209684972,0.00039938635982853367,0.042642407036810576,0.04384485662694927,0.12792722111043173,0,0.0,8.5,2.2512917986064953,320.0,107.0
trial_truth_057.mp4,1,0,0,0,0,0,1,0,1,0,0,0,0,0,1,1,0,1,0,0,0,0,0,0,0,0,0,0,0,1,0,0,1,0,0,0,0,truthful,"I was born in Durango, Colorado. My mother was a single mother. I have two older sisters, Karen Berry and Dory Gardner. I have one older brother. I was um quite a bit younger than all of them so I primarily grew up by myself. Um I lived back and forth in Texas and New Mexico until I was about 6 years old. At that point my mother married my step father. Um I lived, we lived in New Mexico until I was approximately in fifth grade.",100.0,a female,Reading,135,10,4.0,31.3,38.0,0.8,198.85,37.68,200.6,77.0,373.0,192.0,214.0,0.04595381998911679,0.00019483360759386018,0.02501771860089926,0.02329645672484489,0.07505315580269778,0,0.0,6.333333333333333,1.992430164690206,296.0,22.0
trial_truth_058.mp4,1,0,0,0,0,0,1,0,1,0,0,1,0,0,0,1,0,0,1,0,0,0,0,0,0,0,0,0,0,1,0,0,1,0,0,0,0,truthful,"Um whenever I was little, um my oldest nephew is um two years younger than I am so he and I were always very close. And so whenever I was really little i spent a lot of time with her and then whenever, um I was a freshman in high school I went and lived with her.",100.0,a female,Showing no emotion,76,3,4.0,18.7,21.0,0.9,193.07,37.54,198.9,81.0,328.0,188.0,212.0,0.04144052759657762,0.00018173391944504845,0.02292672925739348,0.020911525670843246,0.06878018777218045,0,0.0,1.0499999999999998,0.7178397931503168,247.0,24.0
trial_truth_060.mp4,0,1,0,0,0,0,1,1,0,0,0,1,0,0,0,1,0,0,1,0,0,0,1,0,0,0,0,0,0,0,0,0,1,0,0,0,0,truthful,"Yes um, Reginald and I would have like long talks and through one of our long talks, it was um late at night and it was just us two. But I guess we put ourselves in a vulnerable position and um we, we ... we slept together.",100.0,a female,Showing no emotion,76,7,4.0,14.3,20.0,0.7,179.65,32.57,174.4,74.0,340.0,167.0,188.0,0.062241150631238064,0.0002977258824602725,0.033522540457293144,0.03557932626929431,0.10056762137187944,0,0.0,2.333333333333333,1.203972804325936,266.0,21.0
